TITLE,Zip Code,HIRE DATE
STUDENT INTERN,60628,6/16/2015
STUDENT INTERN,60626,6/8/2015
STUDENT INTERN,60613,6/16/2015
STUDENT INTERN,60626,6/16/2015
STUDENT INTERN,63126,11/17/2015
STUDENT INTERN,61242,4/1/2015
STUDENT INTERN,60608,12/1/2015
STUDENT INTERN,60615,6/12/2015
STUDENT INTERN,60660,6/8/2015
STUDENT INTERN,60611,9/21/2015
STUDENT INTERN,48152,12/14/2015
STUDENT INTERN,60616,6/16/2015
STUDENT INTERN,60660,6/17/2015
STUDENT INTERN,60622,6/16/2015
STUDENT INTERN,60633,8/24/2015
STUDENT INTERN,60646,6/8/2015
STUDENT INTERN,60619,5/4/2015
STUDENT INTERN,60647,5/11/2015
STUDENT INTERN,60647,4/27/2015
STUDENT INTERN,60619,5/4/2015
STUDENT INTERN,60616,6/12/2015
STUDENT INTERN,60632,6/3/2015
STUDENT INTERN,60628,7/13/2015
STUDENT INTERN,60632,5/6/2015
STUDENT INTERN,60645,4/1/2015
STUDENT INTERN,60643,4/13/2015
STUDENT INTERN,60657,4/13/2015
STUDENT INTERN,60659,5/4/2015
STUDENT INTERN,60629,5/4/2015
STUDENT INTERN,60618,9/28/2015
STUDENT INTERN,60615,6/16/2015
STUDENT INTERN,60613,5/4/2015
STUDENT INTERN,60616,7/27/2015
STUDENT INTERN,60625,6/16/2015
STUDENT INTERN - ALDERMANIC,60617,6/8/2015
STUDENT INTERN - ALDERMANIC,60617,6/8/2015
STUDENT INTERN - ALDERMANIC,60647,6/8/2015
STUDENT INTERN - ALDERMANIC,60649,6/8/2015
STUDENT INTERN - ALDERMANIC,60628,6/8/2015
STUDENT INTERN - ALDERMANIC,60618,6/8/2015
STUDENT INTERN - ALDERMANIC,60612,6/8/2015
STUDENT INTERN - ALDERMANIC,60629,6/8/2015
STUDENT INTERN - ALDERMANIC,60638,6/8/2015
STUDENT INTERN - ALDERMANIC,60660,6/8/2015
STUDENT INTERN - ALDERMANIC,60607,6/10/2015
STUDENT INTERN - ALDERMANIC,60644,7/16/2015
STUDENT INTERN - ALDERMANIC,60617,6/8/2015
STUDENT INTERN - ALDERMANIC,60618,6/8/2015
STUDENT INTERN - ALDERMANIC,60615,7/1/2015
STUDENT INTERN - ALDERMANIC,60661,6/8/2015
STUDENT INTERN - ALDERMANIC,60623,6/8/2015
STUDENT INTERN - ALDERMANIC,60632,6/8/2015
STUDENT INTERN - ALDERMANIC,60620,6/8/2015
STUDENT INTERN - ALDERMANIC,60620,6/8/2015
STUDENT INTERN - ALDERMANIC,60614,6/8/2015
STUDENT INTERN - ALDERMANIC,60634,6/8/2015
STUDENT INTERN - ALDERMANIC,60651,6/8/2015
STUDENT INTERN - ALDERMANIC,60660,6/8/2015
STUDENT INTERN - ALDERMANIC,60632,6/29/2015
STUDENT INTERN - ALDERMANIC,60639,6/8/2015
STUDENT INTERN - ALDERMANIC,60643,6/8/2015
STUDENT INTERN - ALDERMANIC,60619,6/8/2015
STUDENT INTERN - ALDERMANIC,60629,6/8/2015
STUDENT INTERN - ALDERMANIC,60649,6/8/2015
STUDENT INTERN - ALDERMANIC,60626,6/8/2015
STUDENT INTERN - ALDERMANIC,60622,6/8/2015
STUDENT INTERN - ALDERMANIC,60609,6/8/2015
STUDENT INTERN - ALDERMANIC,60655,6/8/2015
STUDENT INTERN - ALDERMANIC,60631,6/8/2015
STUDENT INTERN - ALDERMANIC,60626,6/8/2015
STUDENT INTERN - ALDERMANIC,60626,6/8/2015
STUDENT INTERN - ALDERMANIC,60618,6/8/2015
STUDENT INTERN - ALDERMANIC,60620,6/8/2015
STUDENT INTERN - ALDERMANIC,60645,6/8/2015
STUDENT INTERN - ALDERMANIC,60632,6/8/2015
STUDENT INTERN - ALDERMANIC,60625,6/8/2015
STUDENT INTERN - ALDERMANIC,60620,6/8/2015
STUDENT INTERN - ALDERMANIC,60646,6/8/2015
STUDENT INTERN - ALDERMANIC,60646,6/8/2015
STUDENT INTERN - ALDERMANIC,60707,6/8/2015
STUDENT INTERN - ALDERMANIC,60631,6/8/2015
STUDENT INTERN - ALDERMANIC,60643,6/8/2015
STUDENT INTERN - ALDERMANIC,60608,6/8/2015
STUDENT INTERN - CITY CLERK,60628,5/26/2015
STUDENT INTERN - CITY CLERK,60629,12/16/2015
STUDENT INTERN - CITY CLERK,60621,5/27/2015
STUDENT INTERN - CITY CLERK,60639,5/26/2015
STUDENT INTERN - CITY CLERK,60639,5/26/2015
STUDENT INTERN - CITY CLERK,60617,5/26/2015
STUDENT INTERN - CITY CLERK,60624,5/26/2015
STUDENT INTERN - CITY CLERK,60652,5/26/2015
STUDENT INTERN - CITY CLERK,60625,5/26/2015
STUDENT INTERN - CITY CLERK,60632,5/26/2015
STUDENT INTERN - CITY CLERK,60633,5/26/2015
STUDENT INTERN - CITY CLERK,60620,6/4/2015
STUDENT INTERN - CITY CLERK,60619,5/6/2015
STUDENT INTERN - CITY CLERK,60626,6/5/2015
STUDENT INTERN - CITY CLERK,60631,5/26/2015
STUDENT INTERN - CITY CLERK,60628,5/26/2015
STUDENT INTERN - CITY CLERK,60616,6/12/2015
STUDENT INTERN - CITY CLERK,60631,12/15/2015
STUDENT INTERN - CITY CLERK,60619,5/26/2015
STUDENT INTERN - CITY CLERK,60616,5/26/2015
STUDENT INTERN - CITY CLERK,60660,5/26/2015
STUDENT INTERN - CITY CLERK,60619,5/26/2015
STUDENT INTERN - CITY CLERK,60616,6/12/2015
STUDENT INTERN - CITY CLERK,60616,8/16/2015
STUDENT INTERN - MAYOR'S FELLOWS,60657,6/15/2015
STUDENT INTERN - MAYOR'S FELLOWS,60611,6/15/2015
STUDENT INTERN - MAYOR'S FELLOWS,60615,6/15/2015
STUDENT INTERN - MAYOR'S FELLOWS,60660,6/15/2015
STUDENT INTERN - MAYOR'S FELLOWS,60657,6/15/2015
STUDENT INTERN - MAYOR'S FELLOWS,60657,6/15/2015
STUDENT INTERN - MAYOR'S FELLOWS,60614,6/15/2015
STUDENT INTERN - MAYOR'S FELLOWS,60637,6/15/2015
STUDENT INTERN - MAYOR'S FELLOWS,60615,6/15/2015
STUDENT INTERN - MAYOR'S FELLOWS,60614,6/15/2015
STUDENT INTERN - MAYOR'S FELLOWS,60614,6/15/2015
STUDENT INTERN - MAYOR'S FELLOWS,60608,6/15/2015
STUDENT INTERN - MAYOR'S FELLOWS,60640,6/15/2015
STUDENT INTERN - MAYOR'S FELLOWS,60614,6/15/2015
STUDENT INTERN - MAYOR'S FELLOWS,60661,6/15/2015
STUDENT INTERN - MAYOR'S FELLOWS,60640,6/15/2015
STUDENT INTERN - MAYOR'S FELLOWS,19130,6/15/2015
STUDENT INTERN - MAYOR'S FELLOWS,60657,6/3/2015
STUDENT INTERN - MAYOR'S FELLOWS,60611,6/15/2015
STUDENT INTERN - MAYOR'S FELLOWS,60615,6/15/2015
STUDENT INTERN - MAYOR'S FELLOWS,60622,6/15/2015
STUDENT INTERN - MAYOR'S FELLOWS,60607,6/15/2015
STUDENT INTERN - MAYOR'S FELLOWS,60611,6/15/2015
STUDENT INTERN,60616,6/7/2016
STUDENT INTERN,60608,6/6/2016
STUDENT INTERN,60639,11/16/2016
STUDENT INTERN,60629,5/23/2016
STUDENT INTERN,60615,9/8/2016
STUDENT INTERN,60617,2/16/2016
STUDENT INTERN,60605,3/22/2016
STUDENT INTERN,60618,7/25/2016
STUDENT INTERN,60632,12/16/2016
STUDENT INTERN,60640,7/14/2016
STUDENT INTERN,60607,11/28/2016
STUDENT INTERN,60623,7/18/2016
STUDENT INTERN,60625,6/30/2016
STUDENT INTERN,60614,6/7/2016
STUDENT INTERN,60616,7/18/2016
STUDENT INTERN,60637,3/24/2016
STUDENT INTERN,60615,6/30/2016
STUDENT INTERN,60619,5/16/2016
STUDENT INTERN,60619,6/1/2016
STUDENT INTERN,60614,7/14/2016
STUDENT INTERN,44273,3/29/2016
STUDENT INTERN,60616,11/22/2016
STUDENT INTERN,60632,7/18/2016
STUDENT INTERN,60616,2/16/2016
STUDENT INTERN,60601,9/19/2016
STUDENT INTERN,60607,7/18/2016
STUDENT INTERN,60616,6/6/2016
STUDENT INTERN,60612,8/15/2016
STUDENT INTERN,60699,11/21/2016
STUDENT INTERN,60615,11/3/2016
STUDENT INTERN,60634,8/1/2016
STUDENT INTERN,60608,6/21/2016
STUDENT INTERN,60617,7/18/2016
STUDENT INTERN,60617,4/5/2016
STUDENT INTERN,60615,7/18/2016
STUDENT INTERN,60631,6/30/2016
STUDENT INTERN,60645,7/25/2016
STUDENT INTERN,60645,7/18/2016
STUDENT INTERN,60647,12/15/2016
STUDENT INTERN,60629,7/16/2016
STUDENT INTERN,60623,6/30/2016
STUDENT INTERN,60632,7/18/2016
STUDENT INTERN,60622,5/16/2016
STUDENT INTERN,60616,6/7/2016
STUDENT INTERN,60625,12/15/2016
STUDENT INTERN,60613,7/14/2016
STUDENT INTERN - ALDERMANIC,60617,6/6/2016
STUDENT INTERN - ALDERMANIC,60643,6/28/2016
STUDENT INTERN - ALDERMANIC,60646,6/6/2016
STUDENT INTERN - ALDERMANIC,60634,6/6/2016
STUDENT INTERN - ALDERMANIC,60623,6/6/2016
STUDENT INTERN - ALDERMANIC,60647,6/6/2016
STUDENT INTERN - ALDERMANIC,60629,6/6/2016
STUDENT INTERN - ALDERMANIC,60651,6/6/2016
STUDENT INTERN - ALDERMANIC,60619,6/6/2016
STUDENT INTERN - ALDERMANIC,60612,6/6/2016
STUDENT INTERN - ALDERMANIC,60657,7/5/2016
STUDENT INTERN - ALDERMANIC,60622,6/6/2016
STUDENT INTERN - ALDERMANIC,60641,6/6/2016
STUDENT INTERN - ALDERMANIC,60608,6/6/2016
STUDENT INTERN - ALDERMANIC,60617,6/6/2016
STUDENT INTERN - ALDERMANIC,60638,6/6/2016
STUDENT INTERN - ALDERMANIC,60649,6/6/2016
STUDENT INTERN - ALDERMANIC,60620,6/6/2016
STUDENT INTERN - ALDERMANIC,60645,6/6/2016
STUDENT INTERN - ALDERMANIC,60660,6/6/2016
STUDENT INTERN - ALDERMANIC,60618,6/6/2016
STUDENT INTERN - ALDERMANIC,60624,6/6/2016
STUDENT INTERN - ALDERMANIC,60626,6/6/2016
STUDENT INTERN - ALDERMANIC,60632,6/6/2016
STUDENT INTERN - ALDERMANIC,60643,6/6/2016
STUDENT INTERN - ALDERMANIC,60615,6/21/2016
STUDENT INTERN - ALDERMANIC,60619,6/6/2016
STUDENT INTERN - ALDERMANIC,60614,6/6/2016
STUDENT INTERN - ALDERMANIC,60655,6/1/2016
STUDENT INTERN - ALDERMANIC,60652,6/6/2016
STUDENT INTERN - ALDERMANIC,60707,6/6/2016
STUDENT INTERN - ALDERMANIC,60616,6/13/2016
STUDENT INTERN - ALDERMANIC,60635,6/6/2016
STUDENT INTERN - ALDERMANIC,60613,6/6/2016
STUDENT INTERN - ALDERMANIC,60616,6/6/2016
STUDENT INTERN - ALDERMANIC,60611,6/29/2016
STUDENT INTERN - ALDERMANIC,60620,6/6/2016
STUDENT INTERN - ALDERMANIC,60632,6/6/2016
STUDENT INTERN - ALDERMANIC,60625,6/6/2016
STUDENT INTERN - ALDERMANIC,60624,6/6/2016
STUDENT INTERN - ALDERMANIC,60617,6/1/2016
STUDENT INTERN - ALDERMANIC,60646,6/6/2016
STUDENT INTERN - ALDERMANIC,60617,6/6/2016
STUDENT INTERN - ALDERMANIC,60614,6/6/2016
STUDENT INTERN - ALDERMANIC,60621,6/6/2016
STUDENT INTERN - ALDERMANIC,60607,6/13/2016
STUDENT INTERN - ALDERMANIC,60620,6/6/2016
STUDENT INTERN - ALDERMANIC,60639,6/6/2016
STUDENT INTERN - ALDERMANIC,60634,6/6/2016
STUDENT INTERN - CITY CLERK,60647,6/1/2016
STUDENT INTERN - CITY CLERK,60639,6/1/2016
STUDENT INTERN - CITY CLERK,60645,6/1/2016
STUDENT INTERN - CITY CLERK,60638,6/1/2016
STUDENT INTERN - CITY CLERK,60617,6/1/2016
STUDENT INTERN - CITY CLERK,60637,6/13/2016
STUDENT INTERN - CITY CLERK,60609,10/25/2016
STUDENT INTERN - CITY CLERK,60623,6/1/2016
STUDENT INTERN - CITY CLERK,60608,6/1/2016
STUDENT INTERN - CITY CLERK,60614,6/13/2016
STUDENT INTERN - CITY CLERK,60652,6/1/2016
STUDENT INTERN - CITY CLERK,60625,6/1/2016
STUDENT INTERN - CITY CLERK,60614,6/13/2016
STUDENT INTERN - CITY CLERK,60628,6/1/2016
STUDENT INTERN - CITY CLERK,60628,6/1/2016
STUDENT INTERN - CITY CLERK,60616,6/1/2016
STUDENT INTERN - CITY CLERK,60619,6/1/2016
STUDENT INTERN - CITY CLERK,60659,6/1/2016
STUDENT INTERN - CITY CLERK,60614,12/15/2016
STUDENT INTERN - CITY CLERK,60649,6/1/2016
STUDENT INTERN - CITY CLERK,60622,6/1/2016
STUDENT INTERN - CITY CLERK,60652,6/1/2016
STUDENT INTERN - CITY CLERK,60617,2/8/2016
STUDENT INTERN - CITY CLERK,60629,6/1/2016
STUDENT INTERN - CITY CLERK,60644,12/14/2016
STUDENT INTERN - CITY CLERK,60632,6/1/2016
STUDENT INTERN - CITY CLERK,60644,6/1/2016
STUDENT INTERN - MAYOR'S FELLOWS,60601,6/13/2016
STUDENT INTERN - MAYOR'S FELLOWS,60630,6/13/2016
STUDENT INTERN - MAYOR'S FELLOWS,60605,6/13/2016
STUDENT INTERN - MAYOR'S FELLOWS,60615,6/13/2016
STUDENT INTERN - MAYOR'S FELLOWS,60613,6/13/2016
STUDENT INTERN - MAYOR'S FELLOWS,60615,6/13/2016
STUDENT INTERN - MAYOR'S FELLOWS,60610,6/13/2016
STUDENT INTERN - MAYOR'S FELLOWS,60615,6/13/2016
STUDENT INTERN - MAYOR'S FELLOWS,60601,6/13/2016
STUDENT INTERN - MAYOR'S FELLOWS,02138,6/13/2016
STUDENT INTERN - MAYOR'S FELLOWS,60637,6/13/2016
STUDENT INTERN - MAYOR'S FELLOWS,60605,6/13/2016
STUDENT INTERN - MAYOR'S FELLOWS,60615,6/13/2016
STUDENT INTERN - MAYOR'S FELLOWS,60610,6/13/2016
STUDENT INTERN - MAYOR'S FELLOWS,60613,6/13/2016
STUDENT INTERN - MAYOR'S FELLOWS,60625,6/13/2016
STUDENT INTERN - MAYOR'S FELLOWS,60601,6/13/2016
STUDENT INTERN - MAYOR'S FELLOWS,60615,6/13/2016
STUDENT INTERN - MAYOR'S FELLOWS,60614,6/13/2016
STUDENT INTERN - MAYOR'S FELLOWS,60643,6/13/2016
STUDENT INTERN - MAYOR'S FELLOWS,60601,6/13/2016
STUDENT INTERN - MAYOR'S FELLOWS,60601,6/13/2016
STUDENT INTERN,60616,6/26/2017
STUDENT INTERN,60619,12/11/2017
STUDENT INTERN,60625,6/26/2017
STUDENT INTERN,60631,6/12/2017
STUDENT INTERN,60653,7/6/2017
STUDENT INTERN,60617,7/6/2017
STUDENT INTERN,60607,6/26/2017
STUDENT INTERN,60655,10/31/2017
STUDENT INTERN,60625,6/23/2017
STUDENT INTERN,60616,6/27/2017
STUDENT INTERN,60614,5/15/2017
STUDENT INTERN,60632,6/26/2017
STUDENT INTERN,60626,8/28/2017
STUDENT INTERN,60642,7/6/2017
STUDENT INTERN,60645,6/26/2017
STUDENT INTERN,60640,6/23/2017
STUDENT INTERN,60629,6/26/2017
STUDENT INTERN,60614,6/26/2017
STUDENT INTERN,60608,10/24/2017
STUDENT INTERN,60646,6/1/2017
STUDENT INTERN,60617,6/26/2017
STUDENT INTERN,60657,6/26/2017
STUDENT INTERN,60654,7/13/2017
STUDENT INTERN,60641,6/26/2017
STUDENT INTERN,60647,7/24/2017
STUDENT INTERN,60629,6/28/2017
STUDENT INTERN,60622,6/26/2017
STUDENT INTERN,60639,11/17/2017
STUDENT INTERN,60660,6/16/2017
STUDENT INTERN,60620,6/23/2017
STUDENT INTERN,60640,6/26/2017
STUDENT INTERN,60640,7/12/2017
STUDENT INTERN,60629,12/13/2017
STUDENT INTERN,60647,9/16/2017
STUDENT INTERN,60655,6/26/2017
STUDENT INTERN,60626,6/19/2017
STUDENT INTERN,60623,6/26/2017
STUDENT INTERN,60639,7/11/2017
STUDENT INTERN,60605,9/18/2017
STUDENT INTERN,60609,12/14/2017
STUDENT INTERN,60618,6/26/2017
STUDENT INTERN,60628,6/26/2017
STUDENT INTERN,60637,6/28/2017
STUDENT INTERN,60611,11/1/2017
STUDENT INTERN - ALDERMANIC,60617,6/5/2017
STUDENT INTERN - ALDERMANIC,60643,6/13/2017
STUDENT INTERN - ALDERMANIC,60634,6/5/2017
STUDENT INTERN - ALDERMANIC,60628,6/5/2017
STUDENT INTERN - ALDERMANIC,60660,6/5/2017
STUDENT INTERN - ALDERMANIC,60609,6/5/2017
STUDENT INTERN - ALDERMANIC,60617,6/5/2017
STUDENT INTERN - ALDERMANIC,60647,6/7/2017
STUDENT INTERN - ALDERMANIC,60639,6/5/2017
STUDENT INTERN - ALDERMANIC,60619,6/12/2017
STUDENT INTERN - ALDERMANIC,60615,6/5/2017
STUDENT INTERN - ALDERMANIC,60638,6/5/2017
STUDENT INTERN - ALDERMANIC,60707,6/5/2017
STUDENT INTERN - ALDERMANIC,60619,6/5/2017
STUDENT INTERN - ALDERMANIC,60643,6/5/2017
STUDENT INTERN - ALDERMANIC,60617,6/5/2017
STUDENT INTERN - ALDERMANIC,60619,6/5/2017
STUDENT INTERN - ALDERMANIC,60651,6/15/2017
STUDENT INTERN - ALDERMANIC,60619,6/12/2017
STUDENT INTERN - ALDERMANIC,60655,6/1/2017
STUDENT INTERN - ALDERMANIC,60614,6/12/2017
STUDENT INTERN - ALDERMANIC,60614,6/5/2017
STUDENT INTERN - ALDERMANIC,60657,6/5/2017
STUDENT INTERN - ALDERMANIC,60657,11/27/2017
STUDENT INTERN - ALDERMANIC,60638,6/5/2017
STUDENT INTERN - ALDERMANIC,60649,6/13/2017
STUDENT INTERN - ALDERMANIC,60612,6/5/2017
STUDENT INTERN - ALDERMANIC,60625,6/5/2017
STUDENT INTERN - ALDERMANIC,60647,5/30/2017
STUDENT INTERN - ALDERMANIC,60666,6/6/2017
STUDENT INTERN - ALDERMANIC,60634,6/5/2017
STUDENT INTERN - ALDERMANIC,60639,6/5/2017
STUDENT INTERN - ALDERMANIC,60630,6/5/2017
STUDENT INTERN - ALDERMANIC,60632,6/5/2017
STUDENT INTERN - ALDERMANIC,60660,6/5/2017
STUDENT INTERN - ALDERMANIC,60623,6/5/2017
STUDENT INTERN - ALDERMANIC,60620,6/5/2017
STUDENT INTERN - ALDERMANIC,60624,6/5/2017
STUDENT INTERN - ALDERMANIC,60643,6/5/2017
STUDENT INTERN - ALDERMANIC,60645,6/5/2017
STUDENT INTERN - ALDERMANIC,60637,6/15/2017
STUDENT INTERN - ALDERMANIC,60621,6/5/2017
STUDENT INTERN - ALDERMANIC,60614,6/12/2017
STUDENT INTERN - ALDERMANIC,60657,6/5/2017
STUDENT INTERN - ALDERMANIC,60608,6/5/2017
STUDENT INTERN - ALDERMANIC,60631,6/5/2017
STUDENT INTERN - ALDERMANIC,60647,6/5/2017
STUDENT INTERN - ALDERMANIC,60641,6/5/2017
STUDENT INTERN - ALDERMANIC,60637,6/5/2017
STUDENT INTERN - ALDERMANIC,60652,6/5/2017
STUDENT INTERN - CITY CLERK,60615,6/1/2017
STUDENT INTERN - CITY CLERK,60646,6/1/2017
STUDENT INTERN - CITY CLERK,60638,6/1/2017
STUDENT INTERN - CITY CLERK,60616,6/1/2017
STUDENT INTERN - CITY CLERK,60616,6/1/2017
STUDENT INTERN - CITY CLERK,60620,6/1/2017
STUDENT INTERN - CITY CLERK,60609,6/1/2017
STUDENT INTERN - CITY CLERK,60636,6/1/2017
STUDENT INTERN - CITY CLERK,60615,6/1/2017
STUDENT INTERN - CITY CLERK,60610,6/1/2017
STUDENT INTERN - CITY CLERK,60628,6/1/2017
STUDENT INTERN - CITY CLERK,60638,6/1/2017
STUDENT INTERN - CITY CLERK,60655,6/1/2017
STUDENT INTERN - CITY CLERK,60649,6/1/2017
STUDENT INTERN - CITY CLERK,60645,6/1/2017
STUDENT INTERN - CITY CLERK,60645,6/1/2017
STUDENT INTERN - CITY CLERK,60651,6/1/2017
STUDENT INTERN - CITY CLERK,60643,6/1/2017
STUDENT INTERN - CITY CLERK,60634,6/1/2017
STUDENT INTERN - CITY CLERK,60611,6/1/2017
STUDENT INTERN - MAYOR'S FELLOWS,60622,6/12/2017
STUDENT INTERN - MAYOR'S FELLOWS,60608,6/12/2017
STUDENT INTERN - MAYOR'S FELLOWS,60607,6/12/2017
STUDENT INTERN - MAYOR'S FELLOWS,60601,6/12/2017
STUDENT INTERN - MAYOR'S FELLOWS,60618,6/12/2017
STUDENT INTERN - MAYOR'S FELLOWS,60613,6/12/2017
STUDENT INTERN - MAYOR'S FELLOWS,60657,6/12/2017
STUDENT INTERN - MAYOR'S FELLOWS,60601,6/12/2017
STUDENT INTERN - MAYOR'S FELLOWS,60657,6/12/2017
STUDENT INTERN - MAYOR'S FELLOWS,60615,6/12/2017
STUDENT INTERN - MAYOR'S FELLOWS,60601,6/12/2017
STUDENT INTERN - MAYOR'S FELLOWS,60622,6/12/2017
STUDENT INTERN - MAYOR'S FELLOWS,60607,6/12/2017
STUDENT INTERN - MAYOR'S FELLOWS,60640,6/12/2017
STUDENT INTERN - MAYOR'S FELLOWS,60614,6/12/2017
STUDENT INTERN - MAYOR'S FELLOWS,60615,6/12/2017
STUDENT INTERN - MAYOR'S FELLOWS,60601,6/12/2017
STUDENT INTERN - MAYOR'S FELLOWS,60611,6/12/2017
STUDENT INTERN - MAYOR'S FELLOWS,60617,6/12/2017
STUDENT INTERN - MAYOR'S FELLOWS,60637,6/12/2017
STUDENT INTERN - MAYOR'S FELLOWS,60638,6/12/2017
STUDENT INTERN - MAYOR'S FELLOWS,60613,6/12/2017
STUDENT INTERN - MAYOR'S FELLOWS,60615,6/12/2017
STUDENT INTERN - MAYOR'S FELLOWS,60647,6/12/2017
STUDENT INTERN - MAYOR'S FELLOWS,60601,6/12/2017
STUDENT INTERN - MAYOR'S OFFICE,60634,5/1/2017
STUDENT INTERN - MAYOR'S OFFICE,60628,12/11/2017
STUDENT INTERN,60622,3/2/2018
STUDENT INTERN,60632,2/26/2018
STUDENT INTERN,60660,6/8/2018
STUDENT INTERN,60625,5/22/2018
STUDENT INTERN,60641,6/11/2018
STUDENT INTERN,60616,5/29/2018
STUDENT INTERN,60640,11/26/2018
STUDENT INTERN,60653,8/24/2018
STUDENT INTERN,60636,6/4/2018
STUDENT INTERN,60615,6/18/2018
STUDENT INTERN,60632,6/19/2018
STUDENT INTERN,60642,9/4/2018
STUDENT INTERN,60623,11/16/2018
STUDENT INTERN,60655,12/10/2018
STUDENT INTERN,60605,5/22/2018
STUDENT INTERN,60657,4/19/2018
STUDENT INTERN,60641,5/22/2018
STUDENT INTERN,60641,6/4/2018
STUDENT INTERN,60643,10/16/2018
STUDENT INTERN,60632,2/26/2018
STUDENT INTERN,60632,6/4/2018
STUDENT INTERN,60626,6/18/2018
STUDENT INTERN,60632,6/4/2018
STUDENT INTERN,60613,6/11/2018
STUDENT INTERN,60660,5/29/2018
STUDENT INTERN,80122,8/21/2018
STUDENT INTERN,60126,6/4/2018
STUDENT INTERN,60614,5/22/2018
STUDENT INTERN,60625,10/16/2018
STUDENT INTERN,60616,6/22/2018
STUDENT INTERN,60634,7/20/2018
STUDENT INTERN,60643,6/11/2018
STUDENT INTERN,60607,6/4/2018
STUDENT INTERN,60638,6/18/2018
STUDENT INTERN,60626,5/16/2018
STUDENT INTERN,60638,11/5/2018
STUDENT INTERN,60601,9/24/2018
STUDENT INTERN,60626,6/18/2018
STUDENT INTERN,60126,8/6/2018
STUDENT INTERN,60612,3/1/2018
STUDENT INTERN,60647,6/11/2018
STUDENT INTERN,60649,6/4/2018
STUDENT INTERN,60641,6/4/2018
STUDENT INTERN,60630,6/4/2018
STUDENT INTERN,60654,9/24/2018
STUDENT INTERN,60626,5/31/2018
STUDENT INTERN,60652,6/11/2018
STUDENT INTERN,60655,4/16/2018
STUDENT INTERN,60641,10/22/2018
STUDENT INTERN,60634,3/1/2018
STUDENT INTERN,60629,3/1/2018
STUDENT INTERN,60620,11/20/2018
STUDENT INTERN,60629,7/20/2018
STUDENT INTERN,60639,4/17/2018
STUDENT INTERN,60607,3/1/2018
STUDENT INTERN,60613,4/19/2018
STUDENT INTERN,60610,11/19/2018
STUDENT INTERN,60614,6/8/2018
STUDENT INTERN - ALDERMANIC,60618,6/4/2018
STUDENT INTERN - ALDERMANIC,60623,6/4/2018
STUDENT INTERN - ALDERMANIC,60646,6/4/2018
STUDENT INTERN - ALDERMANIC,60634,6/4/2018
STUDENT INTERN - ALDERMANIC,60634,6/4/2018
STUDENT INTERN - ALDERMANIC,60707,6/11/2018
STUDENT INTERN - ALDERMANIC,60617,6/4/2018
STUDENT INTERN - ALDERMANIC,60616,6/4/2018
STUDENT INTERN - ALDERMANIC,60632,6/4/2018
STUDENT INTERN - ALDERMANIC,60618,6/4/2018
STUDENT INTERN - ALDERMANIC,60647,6/4/2018
STUDENT INTERN - ALDERMANIC,60626,6/4/2018
STUDENT INTERN - ALDERMANIC,60657,6/4/2018
STUDENT INTERN - ALDERMANIC,60657,9/11/2018
STUDENT INTERN - ALDERMANIC,60608,6/4/2018
STUDENT INTERN - ALDERMANIC,60651,6/4/2018
STUDENT INTERN - ALDERMANIC,60629,6/4/2018
STUDENT INTERN - ALDERMANIC,60620,6/4/2018
STUDENT INTERN - ALDERMANIC,60617,6/4/2018
STUDENT INTERN - ALDERMANIC,60617,6/4/2018
STUDENT INTERN - ALDERMANIC,60640,6/4/2018
STUDENT INTERN - ALDERMANIC,60628,6/4/2018
STUDENT INTERN - ALDERMANIC,60649,6/4/2018
STUDENT INTERN - ALDERMANIC,60609,6/4/2018
STUDENT INTERN - ALDERMANIC,60644,6/4/2018
STUDENT INTERN - ALDERMANIC,60632,6/4/2018
STUDENT INTERN - ALDERMANIC,60618,6/4/2018
STUDENT INTERN - ALDERMANIC,60639,6/4/2018
STUDENT INTERN - ALDERMANIC,60619,6/4/2018
STUDENT INTERN - ALDERMANIC,60638,6/18/2018
STUDENT INTERN - ALDERMANIC,60656,6/4/2018
STUDENT INTERN - ALDERMANIC,60622,6/11/2018
STUDENT INTERN - ALDERMANIC,60660,5/16/2018
STUDENT INTERN - ALDERMANIC,60660,6/4/2018
STUDENT INTERN - ALDERMANIC,60643,6/4/2018
STUDENT INTERN - ALDERMANIC,60646,6/4/2018
STUDENT INTERN - ALDERMANIC,60651,6/4/2018
STUDENT INTERN - ALDERMANIC,60641,6/4/2018
STUDENT INTERN - ALDERMANIC,60611,6/11/2018
STUDENT INTERN - ALDERMANIC,60652,6/4/2018
STUDENT INTERN - ALDERMANIC,60621,6/4/2018
STUDENT INTERN - ALDERMANIC,60637,6/4/2018
STUDENT INTERN - ALDERMANIC,60641,6/4/2018
STUDENT INTERN - ALDERMANIC,60628,6/4/2018
STUDENT INTERN - ALDERMANIC,60643,6/4/2018
STUDENT INTERN - ALDERMANIC,60643,6/4/2018
STUDENT INTERN - ALDERMANIC,60649,6/4/2018
STUDENT INTERN - CITY CLERK,60646,6/6/2018
STUDENT INTERN - CITY CLERK,60618,5/21/2018
STUDENT INTERN - CITY CLERK,60653,5/21/2018
STUDENT INTERN - CITY CLERK,60625,6/1/2018
STUDENT INTERN - CITY CLERK,60645,6/18/2018
STUDENT INTERN - CITY CLERK,60632,5/21/2018
STUDENT INTERN - CITY CLERK,60629,5/16/2018
STUDENT INTERN - CITY CLERK,60632,5/21/2018
STUDENT INTERN - CITY CLERK,60653,1/16/2018
STUDENT INTERN - CITY CLERK,60614,6/11/2018
STUDENT INTERN - CITY CLERK,60628,6/12/2018
STUDENT INTERN - CITY CLERK,60652,6/1/2018
STUDENT INTERN - CITY CLERK,60652,12/3/2018
STUDENT INTERN - CITY CLERK,60656,6/8/2018
STUDENT INTERN - MAYOR'S FELLOWS,60634,6/11/2018
STUDENT INTERN - MAYOR'S FELLOWS,60637,6/11/2018
STUDENT INTERN - MAYOR'S FELLOWS,60622,6/11/2018
STUDENT INTERN - MAYOR'S FELLOWS,60647,6/11/2018
STUDENT INTERN - MAYOR'S FELLOWS,60608,6/11/2018
STUDENT INTERN - MAYOR'S FELLOWS,60615,6/11/2018
STUDENT INTERN - MAYOR'S FELLOWS,60616,6/11/2018
STUDENT INTERN - MAYOR'S FELLOWS,60640,6/11/2018
STUDENT INTERN - MAYOR'S FELLOWS,60605,6/11/2018
STUDENT INTERN - MAYOR'S FELLOWS,60601,6/11/2018
STUDENT INTERN - MAYOR'S FELLOWS,60654,6/11/2018
STUDENT INTERN - MAYOR'S FELLOWS,60614,6/11/2018
STUDENT INTERN - MAYOR'S FELLOWS,60613,6/11/2018
STUDENT INTERN - MAYOR'S FELLOWS,60615,6/11/2018
STUDENT INTERN - MAYOR'S FELLOWS,60614,6/11/2018
STUDENT INTERN - MAYOR'S FELLOWS,60615,6/11/2018
STUDENT INTERN - MAYOR'S FELLOWS,60660,6/11/2018
STUDENT INTERN - MAYOR'S FELLOWS,60601,6/11/2018
STUDENT INTERN - MAYOR'S FELLOWS,60610,6/11/2018
STUDENT INTERN - MAYOR'S FELLOWS,60626,6/11/2018
STUDENT INTERN - MAYOR'S FELLOWS,60615,6/11/2018
STUDENT INTERN - MAYOR'S FELLOWS,60607,6/11/2018
STUDENT INTERN - MAYOR'S FELLOWS,60611,6/11/2018
STUDENT INTERN - MAYOR'S FELLOWS,60660,6/11/2018
STUDENT INTERN - MAYOR'S FELLOWS,60601,6/11/2018
STUDENT INTERN,60656,8/21/2019
STUDENT INTERN,60639,12/9/2019
STUDENT INTERN,60660,6/6/2019
STUDENT INTERN,60633,6/24/2019
STUDENT INTERN,60647,8/19/2019
STUDENT INTERN,60655,7/1/2019
STUDENT INTERN,60657,7/9/2019
STUDENT INTERN,60621,4/26/2019
STUDENT INTERN,60626,7/3/2019
STUDENT INTERN,60638,7/9/2019
STUDENT INTERN,60614,7/1/2019
STUDENT INTERN,60657,12/9/2019
STUDENT INTERN,60612,8/23/2019
STUDENT INTERN,60613,8/23/2019
STUDENT INTERN,60660,8/23/2019
STUDENT INTERN,60608,2/21/2019
STUDENT INTERN,60640,6/14/2019
STUDENT INTERN,60630,8/23/2019
STUDENT INTERN,60629,5/17/2019
STUDENT INTERN,60640,7/9/2019
STUDENT INTERN,60609,8/23/2019
STUDENT INTERN,60643,8/12/2019
STUDENT INTERN,60655,6/26/2019
STUDENT INTERN,60647,6/25/2019
STUDENT INTERN,60605,2/20/2019
STUDENT INTERN,53703,6/6/2019
STUDENT INTERN,60626,5/17/2019
STUDENT INTERN,60640,12/9/2019
STUDENT INTERN,43551,6/6/2019
STUDENT INTERN - ALDERMANIC,60632,6/11/2019
STUDENT INTERN - ALDERMANIC,60618,6/3/2019
STUDENT INTERN - ALDERMANIC,60643,6/3/2019
STUDENT INTERN - ALDERMANIC,60649,6/3/2019
STUDENT INTERN - ALDERMANIC,60617,6/3/2019
STUDENT INTERN - ALDERMANIC,60628,6/3/2019
STUDENT INTERN - ALDERMANIC,60707,6/3/2019
STUDENT INTERN - ALDERMANIC,60617,6/3/2019
STUDENT INTERN - ALDERMANIC,60613,6/3/2019
STUDENT INTERN - ALDERMANIC,60632,6/3/2019
STUDENT INTERN - ALDERMANIC,60634,6/3/2019
STUDENT INTERN - ALDERMANIC,60623,6/3/2019
STUDENT INTERN - ALDERMANIC,60626,6/3/2019
STUDENT INTERN - ALDERMANIC,60623,6/17/2019
STUDENT INTERN - ALDERMANIC,60628,6/3/2019
STUDENT INTERN - ALDERMANIC,60609,6/3/2019
STUDENT INTERN - ALDERMANIC,60660,6/12/2019
STUDENT INTERN - ALDERMANIC,60649,6/12/2019
STUDENT INTERN - ALDERMANIC,60625,6/3/2019
STUDENT INTERN - ALDERMANIC,60618,6/3/2019
STUDENT INTERN - ALDERMANIC,60618,6/10/2019
STUDENT INTERN - ALDERMANIC,60629,6/3/2019
STUDENT INTERN - ALDERMANIC,60638,6/12/2019
STUDENT INTERN - ALDERMANIC,60643,5/15/2019
STUDENT INTERN - ALDERMANIC,60643,6/1/2019
STUDENT INTERN - ALDERMANIC,60612,6/3/2019
STUDENT INTERN - ALDERMANIC,60653,6/3/2019
STUDENT INTERN - ALDERMANIC,60634,6/3/2019
STUDENT INTERN - ALDERMANIC,60624,6/3/2019
STUDENT INTERN - ALDERMANIC,60614,6/3/2019
STUDENT INTERN - ALDERMANIC,60634,6/3/2019
STUDENT INTERN - ALDERMANIC,60660,6/3/2019
STUDENT INTERN - ALDERMANIC,60608,6/3/2019
STUDENT INTERN - ALDERMANIC,60619,7/2/2019
STUDENT INTERN - ALDERMANIC,60620,6/24/2019
STUDENT INTERN - ALDERMANIC,60629,6/3/2019
STUDENT INTERN - ALDERMANIC,60620,6/17/2019
STUDENT INTERN - ALDERMANIC,60631,6/3/2019
STUDENT INTERN - ALDERMANIC,91423,6/3/2019
STUDENT INTERN - ALDERMANIC,60628,6/3/2019
STUDENT INTERN - ALDERMANIC,60625,6/3/2019
STUDENT INTERN - ALDERMANIC,60642,6/17/2019
STUDENT INTERN - ALDERMANIC,60625,6/3/2019
STUDENT INTERN - ALDERMANIC,60641,6/10/2019
STUDENT INTERN - ALDERMANIC,60628,6/3/2019
STUDENT INTERN - CITY CLERK,60641,6/3/2019
STUDENT INTERN - CITY CLERK,60617,6/3/2019
STUDENT INTERN - CITY CLERK,60617,6/17/2019
STUDENT INTERN - CITY CLERK,60633,7/1/2019
STUDENT INTERN - CITY CLERK,60653,6/3/2019
STUDENT INTERN - CITY CLERK,60611,6/17/2019
STUDENT INTERN - CITY CLERK,60615,7/1/2019
STUDENT INTERN - CITY CLERK,60629,6/17/2019
STUDENT INTERN - CITY CLERK,60632,6/17/2019
STUDENT INTERN - CITY CLERK,60609,7/1/2019
STUDENT INTERN - CITY CLERK,60618,6/3/2019
STUDENT INTERN - CITY CLERK,60647,7/1/2019
STUDENT INTERN - CITY CLERK,60614,6/17/2019
STUDENT INTERN - CITY CLERK,60609,7/1/2019
STUDENT INTERN - CITY CLERK,60637,6/17/2019
STUDENT INTERN - CITY CLERK,60622,6/3/2019
STUDENT INTERN - MAYOR'S FELLOWS,60615,6/10/2019
STUDENT INTERN - MAYOR'S FELLOWS,60626,6/10/2019
STUDENT INTERN - MAYOR'S FELLOWS,60614,6/10/2019
STUDENT INTERN - MAYOR'S FELLOWS,60623,6/10/2019
STUDENT INTERN - MAYOR'S FELLOWS,60647,6/10/2019
STUDENT INTERN - MAYOR'S FELLOWS,60637,6/10/2019
STUDENT INTERN - MAYOR'S FELLOWS,60622,6/10/2019
STUDENT INTERN - MAYOR'S FELLOWS,60614,6/10/2019
STUDENT INTERN - MAYOR'S FELLOWS,60661,6/10/2019
STUDENT INTERN - MAYOR'S FELLOWS,60660,6/10/2019
STUDENT INTERN - MAYOR'S FELLOWS,60605,6/10/2019
STUDENT INTERN - MAYOR'S FELLOWS,60605,6/10/2019
STUDENT INTERN - MAYOR'S FELLOWS,60661,6/10/2019
STUDENT INTERN - MAYOR'S FELLOWS,60637,6/10/2019
STUDENT INTERN - MAYOR'S FELLOWS,60637,6/10/2019
STUDENT INTERN - MAYOR'S FELLOWS,60647,6/10/2019
STUDENT INTERN - MAYOR'S FELLOWS,60618,6/10/2019
STUDENT INTERN - MAYOR'S FELLOWS,60601,6/10/2019
STUDENT INTERN - MAYOR'S FELLOWS,60622,6/10/2019
STUDENT INTERN - MAYOR'S FELLOWS,60615,6/10/2019
STUDENT INTERN - MAYOR'S FELLOWS,60622,6/10/2019
STUDENT INTERN - MAYOR'S FELLOWS,60615,6/10/2019
STUDENT INTERN - MAYOR'S FELLOWS,60601,6/10/2019
STUDENT INTERN - MAYOR'S FELLOWS,60615,6/10/2019
STUDENT INTERN - MAYOR'S FELLOWS,60610,6/10/2019
STUDENT INTERN - MAYOR'S OFFICE,60616,11/18/2019
STUDENT INTERN - MAYOR'S OFFICE,60613,5/16/2019
STUDENT INTERN,60633,1/9/2020
STUDENT INTERN,60615,5/26/2020
STUDENT INTERN - ALDERMANIC,60659,6/1/2020
STUDENT INTERN - ALDERMANIC,60632,6/15/2020
STUDENT INTERN - ALDERMANIC,60626,6/8/2020
STUDENT INTERN - ALDERMANIC,60618,6/1/2020
STUDENT INTERN - ALDERMANIC,60634,6/1/2020
STUDENT INTERN - ALDERMANIC,60614,6/2/2020
STUDENT INTERN - ALDERMANIC,60653,6/1/2020
STUDENT INTERN - ALDERMANIC,60608,6/15/2020
STUDENT INTERN - ALDERMANIC,60632,6/1/2020
STUDENT INTERN - ALDERMANIC,60624,6/1/2020
STUDENT INTERN - ALDERMANIC,60623,6/8/2020
STUDENT INTERN - ALDERMANIC,60628,6/1/2020
STUDENT INTERN - ALDERMANIC,60643,6/8/2020
STUDENT INTERN - ALDERMANIC,60623,6/10/2020
STUDENT INTERN - ALDERMANIC,60631,6/8/2020
STUDENT INTERN - ALDERMANIC,60615,6/8/2020
STUDENT INTERN - ALDERMANIC,60614,6/15/2020
STUDENT INTERN - ALDERMANIC,60626,6/15/2020
STUDENT INTERN - ALDERMANIC,60652,6/1/2020
STUDENT INTERN - ALDERMANIC,60617,6/15/2020
STUDENT INTERN - ALDERMANIC,60640,6/1/2020
STUDENT INTERN - ALDERMANIC,60618,6/15/2020
STUDENT INTERN - ALDERMANIC,60640,6/15/2020
STUDENT INTERN - ALDERMANIC,60646,6/8/2020
STUDENT INTERN - ALDERMANIC,60643,6/8/2020
STUDENT INTERN - ALDERMANIC,60630,6/1/2020
STUDENT INTERN - ALDERMANIC,60624,6/4/2020
STUDENT INTERN - ALDERMANIC,60628,6/1/2020
STUDENT INTERN - ALDERMANIC,60641,6/4/2020
STUDENT INTERN - ALDERMANIC,60629,6/22/2020
STUDENT INTERN - ALDERMANIC,60608,6/22/2020
STUDENT INTERN - ALDERMANIC,60619,6/8/2020
STUDENT INTERN - ALDERMANIC,60606,6/15/2020
STUDENT INTERN - CITY CLERK,60613,6/22/2020
STUDENT INTERN - CITY CLERK,60618,6/22/2020
STUDENT INTERN - CITY CLERK,60626,3/16/2020
STUDENT INTERN - MAYOR'S FELLOWS,60637,6/15/2020
STUDENT INTERN - MAYOR'S FELLOWS,60622,6/15/2020
STUDENT INTERN - MAYOR'S FELLOWS,60611,6/15/2020
STUDENT INTERN - MAYOR'S FELLOWS,60615,6/15/2020
STUDENT INTERN - MAYOR'S FELLOWS,60622,6/15/2020
STUDENT INTERN - MAYOR'S FELLOWS,60615,6/29/2020
STUDENT INTERN - MAYOR'S FELLOWS,60655,6/15/2020
STUDENT INTERN - MAYOR'S FELLOWS,60632,6/15/2020
STUDENT INTERN - MAYOR'S FELLOWS,60657,6/15/2020
STUDENT INTERN - MAYOR'S FELLOWS,60653,6/15/2020
STUDENT INTERN - MAYOR'S FELLOWS,60608,6/15/2020
STUDENT INTERN - MAYOR'S FELLOWS,60630,6/15/2020
STUDENT INTERN - MAYOR'S FELLOWS,60625,6/15/2020
STUDENT INTERN - MAYOR'S FELLOWS,60637,6/15/2020
STUDENT INTERN - MAYOR'S FELLOWS,60637,6/15/2020
STUDENT INTERN - MAYOR'S FELLOWS,60654,6/15/2020
STUDENT INTERN - MAYOR'S FELLOWS,60637,6/15/2020
STUDENT INTERN - MAYOR'S FELLOWS,60637,6/15/2020
STUDENT INTERN - MAYOR'S FELLOWS,60660,6/15/2020
STUDENT INTERN - MAYOR'S FELLOWS,60613,6/15/2020
STUDENT INTERN - MAYOR'S FELLOWS,60637,6/15/2020
STUDENT INTERN - MAYOR'S FELLOWS,60615,6/15/2020
